{
 "target_mean": 0.25515463948249817,
 "target_std": 0.43651098012924194,
 "prediction_mean": 0.25515463948249817,
 "prediction_std": 0.43651098012924194
}