{
 "target_mean": 0.2238806039094925,
 "target_std": 0.4199890196323395,
 "prediction_mean": 0.2238806039094925,
 "prediction_std": 0.4199890196323395
}