{
 "target_mean": 0.25515463948249817,
 "target_std": 0.43651098012924194,
 "prediction_mean": -1.4628138542175293,
 "prediction_std": 1.3090029954910278
}