{
 "target_mean": 0.2238806039094925,
 "target_std": 0.4199890196323395,
 "prediction_mean": -1.4145013093948364,
 "prediction_std": 1.330723762512207
}