{
 "target_mean": 0.14726562798023224,
 "target_std": 0.20417624711990356,
 "prediction_mean": 0.14726562798023224,
 "prediction_std": 0.20417624711990356
}