{
 "target_mean": 0.13813605904579163,
 "target_std": 0.21206074953079224,
 "prediction_mean": 0.13813605904579163,
 "prediction_std": 0.21206074953079224
}